year,row,col,patch_path,source_path,grid_rows,grid_cols,sampled,label,reviewer,notes
2007,0,0,data\labels\fundidora_2007_resolution\2007\2007_r00_c00.png,data\interim\inegi_orthophoto\fundidora_2007_1m_rgb.png,36,64,1,non_vegetation,BK,
2007,0,6,data\labels\fundidora_2007_resolution\2007\2007_r00_c06.png,data\interim\inegi_orthophoto\fundidora_2007_1m_rgb.png,36,64,1,non_vegetation,BK,
2007,0,12,data\labels\fundidora_2007_resolution\2007\2007_r00_c12.png,data\interim\inegi_orthophoto\fundidora_2007_1m_rgb.png,36,64,1,non_vegetation,BK,
2007,0,18,data\labels\fundidora_2007_resolution\2007\2007_r00_c18.png,data\interim\inegi_orthophoto\fundidora_2007_1m_rgb.png,36,64,1,non_vegetation,BK,
2007,0,24,data\labels\fundidora_2007_resolution\2007\2007_r00_c24.png,data\interim\inegi_orthophoto\fundidora_2007_1m_rgb.png,36,64,1,non_vegetation,BK,
2007,0,30,data\labels\fundidora_2007_resolution\2007\2007_r00_c30.png,data\interim\inegi_orthophoto\fundidora_2007_1m_rgb.png,36,64,1,non_vegetation,BK,
2007,0,36,data\labels\fundidora_2007_resolution\2007\2007_r00_c36.png,data\interim\inegi_orthophoto\fundidora_2007_1m_rgb.png,36,64,1,vegetation,BK,
2007,0,42,data\labels\fundidora_2007_resolution\2007\2007_r00_c42.png,data\interim\inegi_orthophoto\fundidora_2007_1m_rgb.png,36,64,1,non_vegetation,BK,
2007,0,48,data\labels\fundidora_2007_resolution\2007\2007_r00_c48.png,data\interim\inegi_orthophoto\fundidora_2007_1m_rgb.png,36,64,1,non_vegetation,BK,
2007,0,54,data\labels\fundidora_2007_resolution\2007\2007_r00_c54.png,data\interim\inegi_orthophoto\fundidora_2007_1m_rgb.png,36,64,1,non_vegetation,BK,
2007,0,60,data\labels\fundidora_2007_resolution\2007\2007_r00_c60.png,data\interim\inegi_orthophoto\fundidora_2007_1m_rgb.png,36,64,1,non_vegetation,BK,
2007,1,2,data\labels\fundidora_2007_resolution\2007\2007_r01_c02.png,data\interim\inegi_orthophoto\fundidora_2007_1m_rgb.png,36,64,1,non_vegetation,BK,
2007,1,8,data\labels\fundidora_2007_resolution\2007\2007_r01_c08.png,data\interim\inegi_orthophoto\fundidora_2007_1m_rgb.png,36,64,1,non_vegetation,BK,
2007,1,14,data\labels\fundidora_2007_resolution\2007\2007_r01_c14.png,data\interim\inegi_orthophoto\fundidora_2007_1m_rgb.png,36,64,1,non_vegetation,BK,
2007,1,20,data\labels\fundidora_2007_resolution\2007\2007_r01_c20.png,data\interim\inegi_orthophoto\fundidora_2007_1m_rgb.png,36,64,1,uncertain,BK,
2007,1,26,data\labels\fundidora_2007_resolution\2007\2007_r01_c26.png,data\interim\inegi_orthophoto\fundidora_2007_1m_rgb.png,36,64,1,non_vegetation,BK,
2007,1,32,data\labels\fundidora_2007_resolution\2007\2007_r01_c32.png,data\interim\inegi_orthophoto\fundidora_2007_1m_rgb.png,36,64,1,uncertain,BK,
2007,1,38,data\labels\fundidora_2007_resolution\2007\2007_r01_c38.png,data\interim\inegi_orthophoto\fundidora_2007_1m_rgb.png,36,64,1,uncertain,BK,
2007,1,44,data\labels\fundidora_2007_resolution\2007\2007_r01_c44.png,data\interim\inegi_orthophoto\fundidora_2007_1m_rgb.png,36,64,1,non_vegetation,BK,
2007,1,50,data\labels\fundidora_2007_resolution\2007\2007_r01_c50.png,data\interim\inegi_orthophoto\fundidora_2007_1m_rgb.png,36,64,1,non_vegetation,BK,
2007,1,56,data\labels\fundidora_2007_resolution\2007\2007_r01_c56.png,data\interim\inegi_orthophoto\fundidora_2007_1m_rgb.png,36,64,1,non_vegetation,BK,
2007,1,62,data\labels\fundidora_2007_resolution\2007\2007_r01_c62.png,data\interim\inegi_orthophoto\fundidora_2007_1m_rgb.png,36,64,1,non_vegetation,BK,
2007,2,4,data\labels\fundidora_2007_resolution\2007\2007_r02_c04.png,data\interim\inegi_orthophoto\fundidora_2007_1m_rgb.png,36,64,1,uncertain,BK,
2007,2,10,data\labels\fundidora_2007_resolution\2007\2007_r02_c10.png,data\interim\inegi_orthophoto\fundidora_2007_1m_rgb.png,36,64,1,non_vegetation,BK,
2007,2,16,data\labels\fundidora_2007_resolution\2007\2007_r02_c16.png,data\interim\inegi_orthophoto\fundidora_2007_1m_rgb.png,36,64,1,uncertain,BK,
2007,2,22,data\labels\fundidora_2007_resolution\2007\2007_r02_c22.png,data\interim\inegi_orthophoto\fundidora_2007_1m_rgb.png,36,64,1,non_vegetation,BK,
2007,2,28,data\labels\fundidora_2007_resolution\2007\2007_r02_c28.png,data\interim\inegi_orthophoto\fundidora_2007_1m_rgb.png,36,64,1,non_vegetation,BK,
2007,2,34,data\labels\fundidora_2007_resolution\2007\2007_r02_c34.png,data\interim\inegi_orthophoto\fundidora_2007_1m_rgb.png,36,64,1,non_vegetation,BK,
2007,2,40,data\labels\fundidora_2007_resolution\2007\2007_r02_c40.png,data\interim\inegi_orthophoto\fundidora_2007_1m_rgb.png,36,64,1,non_vegetation,BK,
2007,2,46,data\labels\fundidora_2007_resolution\2007\2007_r02_c46.png,data\interim\inegi_orthophoto\fundidora_2007_1m_rgb.png,36,64,1,vegetation,BK,
2007,2,52,data\labels\fundidora_2007_resolution\2007\2007_r02_c52.png,data\interim\inegi_orthophoto\fundidora_2007_1m_rgb.png,36,64,1,vegetation,BK,
2007,2,58,data\labels\fundidora_2007_resolution\2007\2007_r02_c58.png,data\interim\inegi_orthophoto\fundidora_2007_1m_rgb.png,36,64,1,non_vegetation,BK,
2007,3,0,data\labels\fundidora_2007_resolution\2007\2007_r03_c00.png,data\interim\inegi_orthophoto\fundidora_2007_1m_rgb.png,36,64,1,non_vegetation,BK,
2007,3,6,data\labels\fundidora_2007_resolution\2007\2007_r03_c06.png,data\interim\inegi_orthophoto\fundidora_2007_1m_rgb.png,36,64,1,non_vegetation,BK,
2007,3,12,data\labels\fundidora_2007_resolution\2007\2007_r03_c12.png,data\interim\inegi_orthophoto\fundidora_2007_1m_rgb.png,36,64,1,non_vegetation,BK,
2007,3,18,data\labels\fundidora_2007_resolution\2007\2007_r03_c18.png,data\interim\inegi_orthophoto\fundidora_2007_1m_rgb.png,36,64,1,non_vegetation,BK,
2007,3,24,data\labels\fundidora_2007_resolution\2007\2007_r03_c24.png,data\interim\inegi_orthophoto\fundidora_2007_1m_rgb.png,36,64,1,non_vegetation,BK,
2007,3,30,data\labels\fundidora_2007_resolution\2007\2007_r03_c30.png,data\interim\inegi_orthophoto\fundidora_2007_1m_rgb.png,36,64,1,non_vegetation,BK,
2007,3,36,data\labels\fundidora_2007_resolution\2007\2007_r03_c36.png,data\interim\inegi_orthophoto\fundidora_2007_1m_rgb.png,36,64,1,non_vegetation,BK,
2007,3,42,data\labels\fundidora_2007_resolution\2007\2007_r03_c42.png,data\interim\inegi_orthophoto\fundidora_2007_1m_rgb.png,36,64,1,non_vegetation,BK,
2007,3,48,data\labels\fundidora_2007_resolution\2007\2007_r03_c48.png,data\interim\inegi_orthophoto\fundidora_2007_1m_rgb.png,36,64,1,non_vegetation,BK,
2007,3,54,data\labels\fundidora_2007_resolution\2007\2007_r03_c54.png,data\interim\inegi_orthophoto\fundidora_2007_1m_rgb.png,36,64,1,non_vegetation,BK,
2007,3,60,data\labels\fundidora_2007_resolution\2007\2007_r03_c60.png,data\interim\inegi_orthophoto\fundidora_2007_1m_rgb.png,36,64,1,non_vegetation,BK,
2007,4,2,data\labels\fundidora_2007_resolution\2007\2007_r04_c02.png,data\interim\inegi_orthophoto\fundidora_2007_1m_rgb.png,36,64,1,non_vegetation,BK,
2007,4,8,data\labels\fundidora_2007_resolution\2007\2007_r04_c08.png,data\interim\inegi_orthophoto\fundidora_2007_1m_rgb.png,36,64,1,non_vegetation,BK,
2007,4,14,data\labels\fundidora_2007_resolution\2007\2007_r04_c14.png,data\interim\inegi_orthophoto\fundidora_2007_1m_rgb.png,36,64,1,uncertain,BK,
2007,4,20,data\labels\fundidora_2007_resolution\2007\2007_r04_c20.png,data\interim\inegi_orthophoto\fundidora_2007_1m_rgb.png,36,64,1,uncertain,BK,
2007,4,26,data\labels\fundidora_2007_resolution\2007\2007_r04_c26.png,data\interim\inegi_orthophoto\fundidora_2007_1m_rgb.png,36,64,1,uncertain,BK,
2007,4,32,data\labels\fundidora_2007_resolution\2007\2007_r04_c32.png,data\interim\inegi_orthophoto\fundidora_2007_1m_rgb.png,36,64,1,non_vegetation,BK,
2007,4,38,data\labels\fundidora_2007_resolution\2007\2007_r04_c38.png,data\interim\inegi_orthophoto\fundidora_2007_1m_rgb.png,36,64,1,non_vegetation,BK,
2007,4,44,data\labels\fundidora_2007_resolution\2007\2007_r04_c44.png,data\interim\inegi_orthophoto\fundidora_2007_1m_rgb.png,36,64,1,uncertain,BK,
2007,4,50,data\labels\fundidora_2007_resolution\2007\2007_r04_c50.png,data\interim\inegi_orthophoto\fundidora_2007_1m_rgb.png,36,64,1,uncertain,BK,
2007,4,56,data\labels\fundidora_2007_resolution\2007\2007_r04_c56.png,data\interim\inegi_orthophoto\fundidora_2007_1m_rgb.png,36,64,1,non_vegetation,BK,
2007,4,62,data\labels\fundidora_2007_resolution\2007\2007_r04_c62.png,data\interim\inegi_orthophoto\fundidora_2007_1m_rgb.png,36,64,1,non_vegetation,BK,
2007,5,4,data\labels\fundidora_2007_resolution\2007\2007_r05_c04.png,data\interim\inegi_orthophoto\fundidora_2007_1m_rgb.png,36,64,1,non_vegetation,BK,
2007,5,10,data\labels\fundidora_2007_resolution\2007\2007_r05_c10.png,data\interim\inegi_orthophoto\fundidora_2007_1m_rgb.png,36,64,1,non_vegetation,BK,
2007,5,16,data\labels\fundidora_2007_resolution\2007\2007_r05_c16.png,data\interim\inegi_orthophoto\fundidora_2007_1m_rgb.png,36,64,1,non_vegetation,BK,
2007,5,22,data\labels\fundidora_2007_resolution\2007\2007_r05_c22.png,data\interim\inegi_orthophoto\fundidora_2007_1m_rgb.png,36,64,1,non_vegetation,BK,
2007,5,28,data\labels\fundidora_2007_resolution\2007\2007_r05_c28.png,data\interim\inegi_orthophoto\fundidora_2007_1m_rgb.png,36,64,1,non_vegetation,BK,
2007,5,34,data\labels\fundidora_2007_resolution\2007\2007_r05_c34.png,data\interim\inegi_orthophoto\fundidora_2007_1m_rgb.png,36,64,1,vegetation,BK,
2007,5,40,data\labels\fundidora_2007_resolution\2007\2007_r05_c40.png,data\interim\inegi_orthophoto\fundidora_2007_1m_rgb.png,36,64,1,vegetation,BK,
2007,5,46,data\labels\fundidora_2007_resolution\2007\2007_r05_c46.png,data\interim\inegi_orthophoto\fundidora_2007_1m_rgb.png,36,64,1,vegetation,BK,
2007,5,52,data\labels\fundidora_2007_resolution\2007\2007_r05_c52.png,data\interim\inegi_orthophoto\fundidora_2007_1m_rgb.png,36,64,1,non_vegetation,BK,
2007,5,58,data\labels\fundidora_2007_resolution\2007\2007_r05_c58.png,data\interim\inegi_orthophoto\fundidora_2007_1m_rgb.png,36,64,1,vegetation,BK,
2007,6,0,data\labels\fundidora_2007_resolution\2007\2007_r06_c00.png,data\interim\inegi_orthophoto\fundidora_2007_1m_rgb.png,36,64,1,non_vegetation,BK,
2007,6,6,data\labels\fundidora_2007_resolution\2007\2007_r06_c06.png,data\interim\inegi_orthophoto\fundidora_2007_1m_rgb.png,36,64,1,non_vegetation,BK,
2007,6,12,data\labels\fundidora_2007_resolution\2007\2007_r06_c12.png,data\interim\inegi_orthophoto\fundidora_2007_1m_rgb.png,36,64,1,non_vegetation,BK,
2007,6,18,data\labels\fundidora_2007_resolution\2007\2007_r06_c18.png,data\interim\inegi_orthophoto\fundidora_2007_1m_rgb.png,36,64,1,non_vegetation,BK,
2007,6,24,data\labels\fundidora_2007_resolution\2007\2007_r06_c24.png,data\interim\inegi_orthophoto\fundidora_2007_1m_rgb.png,36,64,1,non_vegetation,BK,
2007,6,30,data\labels\fundidora_2007_resolution\2007\2007_r06_c30.png,data\interim\inegi_orthophoto\fundidora_2007_1m_rgb.png,36,64,1,non_vegetation,BK,
2007,6,36,data\labels\fundidora_2007_resolution\2007\2007_r06_c36.png,data\interim\inegi_orthophoto\fundidora_2007_1m_rgb.png,36,64,1,non_vegetation,BK,
2007,6,42,data\labels\fundidora_2007_resolution\2007\2007_r06_c42.png,data\interim\inegi_orthophoto\fundidora_2007_1m_rgb.png,36,64,1,vegetation,BK,
2007,6,48,data\labels\fundidora_2007_resolution\2007\2007_r06_c48.png,data\interim\inegi_orthophoto\fundidora_2007_1m_rgb.png,36,64,1,uncertain,BK,
2007,6,54,data\labels\fundidora_2007_resolution\2007\2007_r06_c54.png,data\interim\inegi_orthophoto\fundidora_2007_1m_rgb.png,36,64,1,non_vegetation,BK,
2007,6,60,data\labels\fundidora_2007_resolution\2007\2007_r06_c60.png,data\interim\inegi_orthophoto\fundidora_2007_1m_rgb.png,36,64,1,vegetation,BK,
2007,7,2,data\labels\fundidora_2007_resolution\2007\2007_r07_c02.png,data\interim\inegi_orthophoto\fundidora_2007_1m_rgb.png,36,64,1,vegetation,BK,
2007,7,8,data\labels\fundidora_2007_resolution\2007\2007_r07_c08.png,data\interim\inegi_orthophoto\fundidora_2007_1m_rgb.png,36,64,1,non_vegetation,BK,
2007,7,14,data\labels\fundidora_2007_resolution\2007\2007_r07_c14.png,data\interim\inegi_orthophoto\fundidora_2007_1m_rgb.png,36,64,1,non_vegetation,BK,
2007,7,20,data\labels\fundidora_2007_resolution\2007\2007_r07_c20.png,data\interim\inegi_orthophoto\fundidora_2007_1m_rgb.png,36,64,1,non_vegetation,BK,
2007,7,26,data\labels\fundidora_2007_resolution\2007\2007_r07_c26.png,data\interim\inegi_orthophoto\fundidora_2007_1m_rgb.png,36,64,1,non_vegetation,BK,
2007,7,32,data\labels\fundidora_2007_resolution\2007\2007_r07_c32.png,data\interim\inegi_orthophoto\fundidora_2007_1m_rgb.png,36,64,1,non_vegetation,BK,
2007,7,38,data\labels\fundidora_2007_resolution\2007\2007_r07_c38.png,data\interim\inegi_orthophoto\fundidora_2007_1m_rgb.png,36,64,1,non_vegetation,BK,
2007,7,44,data\labels\fundidora_2007_resolution\2007\2007_r07_c44.png,data\interim\inegi_orthophoto\fundidora_2007_1m_rgb.png,36,64,1,vegetation,BK,
2007,7,50,data\labels\fundidora_2007_resolution\2007\2007_r07_c50.png,data\interim\inegi_orthophoto\fundidora_2007_1m_rgb.png,36,64,1,vegetation,BK,
2007,7,56,data\labels\fundidora_2007_resolution\2007\2007_r07_c56.png,data\interim\inegi_orthophoto\fundidora_2007_1m_rgb.png,36,64,1,vegetation,BK,
2007,7,62,data\labels\fundidora_2007_resolution\2007\2007_r07_c62.png,data\interim\inegi_orthophoto\fundidora_2007_1m_rgb.png,36,64,1,vegetation,BK,
2007,8,4,data\labels\fundidora_2007_resolution\2007\2007_r08_c04.png,data\interim\inegi_orthophoto\fundidora_2007_1m_rgb.png,36,64,1,non_vegetation,BK,
2007,8,10,data\labels\fundidora_2007_resolution\2007\2007_r08_c10.png,data\interim\inegi_orthophoto\fundidora_2007_1m_rgb.png,36,64,1,non_vegetation,BK,
2007,8,16,data\labels\fundidora_2007_resolution\2007\2007_r08_c16.png,data\interim\inegi_orthophoto\fundidora_2007_1m_rgb.png,36,64,1,non_vegetation,BK,
2007,8,22,data\labels\fundidora_2007_resolution\2007\2007_r08_c22.png,data\interim\inegi_orthophoto\fundidora_2007_1m_rgb.png,36,64,1,non_vegetation,BK,
2007,8,28,data\labels\fundidora_2007_resolution\2007\2007_r08_c28.png,data\interim\inegi_orthophoto\fundidora_2007_1m_rgb.png,36,64,1,non_vegetation,BK,
2007,8,34,data\labels\fundidora_2007_resolution\2007\2007_r08_c34.png,data\interim\inegi_orthophoto\fundidora_2007_1m_rgb.png,36,64,1,non_vegetation,BK,
2007,8,40,data\labels\fundidora_2007_resolution\2007\2007_r08_c40.png,data\interim\inegi_orthophoto\fundidora_2007_1m_rgb.png,36,64,1,vegetation,BK,
2007,8,46,data\labels\fundidora_2007_resolution\2007\2007_r08_c46.png,data\interim\inegi_orthophoto\fundidora_2007_1m_rgb.png,36,64,1,vegetation,BK,
2007,8,52,data\labels\fundidora_2007_resolution\2007\2007_r08_c52.png,data\interim\inegi_orthophoto\fundidora_2007_1m_rgb.png,36,64,1,vegetation,BK,
2007,8,58,data\labels\fundidora_2007_resolution\2007\2007_r08_c58.png,data\interim\inegi_orthophoto\fundidora_2007_1m_rgb.png,36,64,1,vegetation,BK,
2007,9,0,data\labels\fundidora_2007_resolution\2007\2007_r09_c00.png,data\interim\inegi_orthophoto\fundidora_2007_1m_rgb.png,36,64,1,vegetation,BK,
2007,9,6,data\labels\fundidora_2007_resolution\2007\2007_r09_c06.png,data\interim\inegi_orthophoto\fundidora_2007_1m_rgb.png,36,64,1,non_vegetation,BK,
2007,9,12,data\labels\fundidora_2007_resolution\2007\2007_r09_c12.png,data\interim\inegi_orthophoto\fundidora_2007_1m_rgb.png,36,64,1,non_vegetation,BK,
2007,9,18,data\labels\fundidora_2007_resolution\2007\2007_r09_c18.png,data\interim\inegi_orthophoto\fundidora_2007_1m_rgb.png,36,64,1,non_vegetation,BK,
2007,9,24,data\labels\fundidora_2007_resolution\2007\2007_r09_c24.png,data\interim\inegi_orthophoto\fundidora_2007_1m_rgb.png,36,64,1,non_vegetation,BK,
2007,9,30,data\labels\fundidora_2007_resolution\2007\2007_r09_c30.png,data\interim\inegi_orthophoto\fundidora_2007_1m_rgb.png,36,64,1,non_vegetation,BK,
2007,9,36,data\labels\fundidora_2007_resolution\2007\2007_r09_c36.png,data\interim\inegi_orthophoto\fundidora_2007_1m_rgb.png,36,64,1,non_vegetation,BK,
2007,9,42,data\labels\fundidora_2007_resolution\2007\2007_r09_c42.png,data\interim\inegi_orthophoto\fundidora_2007_1m_rgb.png,36,64,1,vegetation,BK,
2007,9,48,data\labels\fundidora_2007_resolution\2007\2007_r09_c48.png,data\interim\inegi_orthophoto\fundidora_2007_1m_rgb.png,36,64,1,vegetation,BK,
2007,9,54,data\labels\fundidora_2007_resolution\2007\2007_r09_c54.png,data\interim\inegi_orthophoto\fundidora_2007_1m_rgb.png,36,64,1,vegetation,BK,
2007,9,60,data\labels\fundidora_2007_resolution\2007\2007_r09_c60.png,data\interim\inegi_orthophoto\fundidora_2007_1m_rgb.png,36,64,1,non_vegetation,BK,
2007,10,2,data\labels\fundidora_2007_resolution\2007\2007_r10_c02.png,data\interim\inegi_orthophoto\fundidora_2007_1m_rgb.png,36,64,1,non_vegetation,BK,
2007,10,8,data\labels\fundidora_2007_resolution\2007\2007_r10_c08.png,data\interim\inegi_orthophoto\fundidora_2007_1m_rgb.png,36,64,1,non_vegetation,BK,
2007,10,14,data\labels\fundidora_2007_resolution\2007\2007_r10_c14.png,data\interim\inegi_orthophoto\fundidora_2007_1m_rgb.png,36,64,1,uncertain,BK,
2007,10,20,data\labels\fundidora_2007_resolution\2007\2007_r10_c20.png,data\interim\inegi_orthophoto\fundidora_2007_1m_rgb.png,36,64,1,uncertain,BK,
2007,10,26,data\labels\fundidora_2007_resolution\2007\2007_r10_c26.png,data\interim\inegi_orthophoto\fundidora_2007_1m_rgb.png,36,64,1,non_vegetation,BK,
2007,10,32,data\labels\fundidora_2007_resolution\2007\2007_r10_c32.png,data\interim\inegi_orthophoto\fundidora_2007_1m_rgb.png,36,64,1,non_vegetation,BK,
2007,10,38,data\labels\fundidora_2007_resolution\2007\2007_r10_c38.png,data\interim\inegi_orthophoto\fundidora_2007_1m_rgb.png,36,64,1,non_vegetation,BK,
2007,10,44,data\labels\fundidora_2007_resolution\2007\2007_r10_c44.png,data\interim\inegi_orthophoto\fundidora_2007_1m_rgb.png,36,64,1,vegetation,BK,
2007,10,50,data\labels\fundidora_2007_resolution\2007\2007_r10_c50.png,data\interim\inegi_orthophoto\fundidora_2007_1m_rgb.png,36,64,1,vegetation,BK,
2007,10,56,data\labels\fundidora_2007_resolution\2007\2007_r10_c56.png,data\interim\inegi_orthophoto\fundidora_2007_1m_rgb.png,36,64,1,vegetation,BK,
2007,10,62,data\labels\fundidora_2007_resolution\2007\2007_r10_c62.png,data\interim\inegi_orthophoto\fundidora_2007_1m_rgb.png,36,64,1,vegetation,BK,
2007,11,4,data\labels\fundidora_2007_resolution\2007\2007_r11_c04.png,data\interim\inegi_orthophoto\fundidora_2007_1m_rgb.png,36,64,1,uncertain,BK,
2007,11,10,data\labels\fundidora_2007_resolution\2007\2007_r11_c10.png,data\interim\inegi_orthophoto\fundidora_2007_1m_rgb.png,36,64,1,non_vegetation,BK,
2007,11,16,data\labels\fundidora_2007_resolution\2007\2007_r11_c16.png,data\interim\inegi_orthophoto\fundidora_2007_1m_rgb.png,36,64,1,non_vegetation,BK,
2007,11,22,data\labels\fundidora_2007_resolution\2007\2007_r11_c22.png,data\interim\inegi_orthophoto\fundidora_2007_1m_rgb.png,36,64,1,non_vegetation,BK,
2007,11,28,data\labels\fundidora_2007_resolution\2007\2007_r11_c28.png,data\interim\inegi_orthophoto\fundidora_2007_1m_rgb.png,36,64,1,non_vegetation,BK,
2007,11,34,data\labels\fundidora_2007_resolution\2007\2007_r11_c34.png,data\interim\inegi_orthophoto\fundidora_2007_1m_rgb.png,36,64,1,non_vegetation,BK,
2007,11,40,data\labels\fundidora_2007_resolution\2007\2007_r11_c40.png,data\interim\inegi_orthophoto\fundidora_2007_1m_rgb.png,36,64,1,non_vegetation,BK,
2007,11,46,data\labels\fundidora_2007_resolution\2007\2007_r11_c46.png,data\interim\inegi_orthophoto\fundidora_2007_1m_rgb.png,36,64,1,vegetation,BK,
2007,11,52,data\labels\fundidora_2007_resolution\2007\2007_r11_c52.png,data\interim\inegi_orthophoto\fundidora_2007_1m_rgb.png,36,64,1,vegetation,BK,
2007,11,58,data\labels\fundidora_2007_resolution\2007\2007_r11_c58.png,data\interim\inegi_orthophoto\fundidora_2007_1m_rgb.png,36,64,1,vegetation,BK,
2007,12,0,data\labels\fundidora_2007_resolution\2007\2007_r12_c00.png,data\interim\inegi_orthophoto\fundidora_2007_1m_rgb.png,36,64,1,non_vegetation,BK,
2007,12,6,data\labels\fundidora_2007_resolution\2007\2007_r12_c06.png,data\interim\inegi_orthophoto\fundidora_2007_1m_rgb.png,36,64,1,non_vegetation,BK,
2007,12,12,data\labels\fundidora_2007_resolution\2007\2007_r12_c12.png,data\interim\inegi_orthophoto\fundidora_2007_1m_rgb.png,36,64,1,non_vegetation,BK,
2007,12,18,data\labels\fundidora_2007_resolution\2007\2007_r12_c18.png,data\interim\inegi_orthophoto\fundidora_2007_1m_rgb.png,36,64,1,uncertain,BK,
2007,12,24,data\labels\fundidora_2007_resolution\2007\2007_r12_c24.png,data\interim\inegi_orthophoto\fundidora_2007_1m_rgb.png,36,64,1,vegetation,BK,
2007,12,30,data\labels\fundidora_2007_resolution\2007\2007_r12_c30.png,data\interim\inegi_orthophoto\fundidora_2007_1m_rgb.png,36,64,1,uncertain,BK,
2007,12,36,data\labels\fundidora_2007_resolution\2007\2007_r12_c36.png,data\interim\inegi_orthophoto\fundidora_2007_1m_rgb.png,36,64,1,uncertain,BK,
2007,12,42,data\labels\fundidora_2007_resolution\2007\2007_r12_c42.png,data\interim\inegi_orthophoto\fundidora_2007_1m_rgb.png,36,64,1,non_vegetation,BK,
2007,12,48,data\labels\fundidora_2007_resolution\2007\2007_r12_c48.png,data\interim\inegi_orthophoto\fundidora_2007_1m_rgb.png,36,64,1,vegetation,BK,
2007,12,54,data\labels\fundidora_2007_resolution\2007\2007_r12_c54.png,data\interim\inegi_orthophoto\fundidora_2007_1m_rgb.png,36,64,1,vegetation,BK,
2007,12,60,data\labels\fundidora_2007_resolution\2007\2007_r12_c60.png,data\interim\inegi_orthophoto\fundidora_2007_1m_rgb.png,36,64,1,vegetation,BK,
2007,13,2,data\labels\fundidora_2007_resolution\2007\2007_r13_c02.png,data\interim\inegi_orthophoto\fundidora_2007_1m_rgb.png,36,64,1,non_vegetation,BK,
2007,13,8,data\labels\fundidora_2007_resolution\2007\2007_r13_c08.png,data\interim\inegi_orthophoto\fundidora_2007_1m_rgb.png,36,64,1,non_vegetation,BK,
2007,13,14,data\labels\fundidora_2007_resolution\2007\2007_r13_c14.png,data\interim\inegi_orthophoto\fundidora_2007_1m_rgb.png,36,64,1,uncertain,BK,
2007,13,20,data\labels\fundidora_2007_resolution\2007\2007_r13_c20.png,data\interim\inegi_orthophoto\fundidora_2007_1m_rgb.png,36,64,1,uncertain,BK,
2007,13,26,data\labels\fundidora_2007_resolution\2007\2007_r13_c26.png,data\interim\inegi_orthophoto\fundidora_2007_1m_rgb.png,36,64,1,non_vegetation,BK,
2007,13,32,data\labels\fundidora_2007_resolution\2007\2007_r13_c32.png,data\interim\inegi_orthophoto\fundidora_2007_1m_rgb.png,36,64,1,non_vegetation,BK,
2007,13,38,data\labels\fundidora_2007_resolution\2007\2007_r13_c38.png,data\interim\inegi_orthophoto\fundidora_2007_1m_rgb.png,36,64,1,uncertain,BK,
2007,13,44,data\labels\fundidora_2007_resolution\2007\2007_r13_c44.png,data\interim\inegi_orthophoto\fundidora_2007_1m_rgb.png,36,64,1,uncertain,BK,
2007,13,50,data\labels\fundidora_2007_resolution\2007\2007_r13_c50.png,data\interim\inegi_orthophoto\fundidora_2007_1m_rgb.png,36,64,1,vegetation,BK,
2007,13,56,data\labels\fundidora_2007_resolution\2007\2007_r13_c56.png,data\interim\inegi_orthophoto\fundidora_2007_1m_rgb.png,36,64,1,vegetation,BK,
2007,13,62,data\labels\fundidora_2007_resolution\2007\2007_r13_c62.png,data\interim\inegi_orthophoto\fundidora_2007_1m_rgb.png,36,64,1,vegetation,BK,
2007,14,4,data\labels\fundidora_2007_resolution\2007\2007_r14_c04.png,data\interim\inegi_orthophoto\fundidora_2007_1m_rgb.png,36,64,1,non_vegetation,BK,
2007,14,10,data\labels\fundidora_2007_resolution\2007\2007_r14_c10.png,data\interim\inegi_orthophoto\fundidora_2007_1m_rgb.png,36,64,1,uncertain,BK,
2007,14,16,data\labels\fundidora_2007_resolution\2007\2007_r14_c16.png,data\interim\inegi_orthophoto\fundidora_2007_1m_rgb.png,36,64,1,non_vegetation,BK,
2007,14,22,data\labels\fundidora_2007_resolution\2007\2007_r14_c22.png,data\interim\inegi_orthophoto\fundidora_2007_1m_rgb.png,36,64,1,vegetation,BK,
2007,14,28,data\labels\fundidora_2007_resolution\2007\2007_r14_c28.png,data\interim\inegi_orthophoto\fundidora_2007_1m_rgb.png,36,64,1,non_vegetation,BK,
2007,14,34,data\labels\fundidora_2007_resolution\2007\2007_r14_c34.png,data\interim\inegi_orthophoto\fundidora_2007_1m_rgb.png,36,64,1,non_vegetation,BK,
2007,14,40,data\labels\fundidora_2007_resolution\2007\2007_r14_c40.png,data\interim\inegi_orthophoto\fundidora_2007_1m_rgb.png,36,64,1,vegetation,BK,
2007,14,46,data\labels\fundidora_2007_resolution\2007\2007_r14_c46.png,data\interim\inegi_orthophoto\fundidora_2007_1m_rgb.png,36,64,1,vegetation,BK,
2007,14,52,data\labels\fundidora_2007_resolution\2007\2007_r14_c52.png,data\interim\inegi_orthophoto\fundidora_2007_1m_rgb.png,36,64,1,vegetation,BK,
2007,14,58,data\labels\fundidora_2007_resolution\2007\2007_r14_c58.png,data\interim\inegi_orthophoto\fundidora_2007_1m_rgb.png,36,64,1,vegetation,BK,
2007,15,0,data\labels\fundidora_2007_resolution\2007\2007_r15_c00.png,data\interim\inegi_orthophoto\fundidora_2007_1m_rgb.png,36,64,1,non_vegetation,BK,
2007,15,6,data\labels\fundidora_2007_resolution\2007\2007_r15_c06.png,data\interim\inegi_orthophoto\fundidora_2007_1m_rgb.png,36,64,1,non_vegetation,BK,
2007,15,12,data\labels\fundidora_2007_resolution\2007\2007_r15_c12.png,data\interim\inegi_orthophoto\fundidora_2007_1m_rgb.png,36,64,1,uncertain,BK,
2007,15,18,data\labels\fundidora_2007_resolution\2007\2007_r15_c18.png,data\interim\inegi_orthophoto\fundidora_2007_1m_rgb.png,36,64,1,uncertain,BK,
2007,15,24,data\labels\fundidora_2007_resolution\2007\2007_r15_c24.png,data\interim\inegi_orthophoto\fundidora_2007_1m_rgb.png,36,64,1,uncertain,BK,
2007,15,30,data\labels\fundidora_2007_resolution\2007\2007_r15_c30.png,data\interim\inegi_orthophoto\fundidora_2007_1m_rgb.png,36,64,1,non_vegetation,BK,
2007,15,36,data\labels\fundidora_2007_resolution\2007\2007_r15_c36.png,data\interim\inegi_orthophoto\fundidora_2007_1m_rgb.png,36,64,1,non_vegetation,BK,
2007,15,42,data\labels\fundidora_2007_resolution\2007\2007_r15_c42.png,data\interim\inegi_orthophoto\fundidora_2007_1m_rgb.png,36,64,1,vegetation,BK,
2007,15,48,data\labels\fundidora_2007_resolution\2007\2007_r15_c48.png,data\interim\inegi_orthophoto\fundidora_2007_1m_rgb.png,36,64,1,vegetation,BK,
2007,15,54,data\labels\fundidora_2007_resolution\2007\2007_r15_c54.png,data\interim\inegi_orthophoto\fundidora_2007_1m_rgb.png,36,64,1,vegetation,BK,
2007,15,60,data\labels\fundidora_2007_resolution\2007\2007_r15_c60.png,data\interim\inegi_orthophoto\fundidora_2007_1m_rgb.png,36,64,1,uncertain,BK,
2007,16,2,data\labels\fundidora_2007_resolution\2007\2007_r16_c02.png,data\interim\inegi_orthophoto\fundidora_2007_1m_rgb.png,36,64,1,non_vegetation,BK,
2007,16,8,data\labels\fundidora_2007_resolution\2007\2007_r16_c08.png,data\interim\inegi_orthophoto\fundidora_2007_1m_rgb.png,36,64,1,non_vegetation,BK,
2007,16,14,data\labels\fundidora_2007_resolution\2007\2007_r16_c14.png,data\interim\inegi_orthophoto\fundidora_2007_1m_rgb.png,36,64,1,vegetation,BK,
2007,16,20,data\labels\fundidora_2007_resolution\2007\2007_r16_c20.png,data\interim\inegi_orthophoto\fundidora_2007_1m_rgb.png,36,64,1,uncertain,BK,
2007,16,26,data\labels\fundidora_2007_resolution\2007\2007_r16_c26.png,data\interim\inegi_orthophoto\fundidora_2007_1m_rgb.png,36,64,1,uncertain,BK,
2007,16,32,data\labels\fundidora_2007_resolution\2007\2007_r16_c32.png,data\interim\inegi_orthophoto\fundidora_2007_1m_rgb.png,36,64,1,non_vegetation,BK,
2007,16,38,data\labels\fundidora_2007_resolution\2007\2007_r16_c38.png,data\interim\inegi_orthophoto\fundidora_2007_1m_rgb.png,36,64,1,vegetation,BK,
2007,16,44,data\labels\fundidora_2007_resolution\2007\2007_r16_c44.png,data\interim\inegi_orthophoto\fundidora_2007_1m_rgb.png,36,64,1,vegetation,BK,
2007,16,50,data\labels\fundidora_2007_resolution\2007\2007_r16_c50.png,data\interim\inegi_orthophoto\fundidora_2007_1m_rgb.png,36,64,1,vegetation,BK,
2007,16,56,data\labels\fundidora_2007_resolution\2007\2007_r16_c56.png,data\interim\inegi_orthophoto\fundidora_2007_1m_rgb.png,36,64,1,vegetation,BK,
2007,16,62,data\labels\fundidora_2007_resolution\2007\2007_r16_c62.png,data\interim\inegi_orthophoto\fundidora_2007_1m_rgb.png,36,64,1,non_vegetation,BK,
2007,17,4,data\labels\fundidora_2007_resolution\2007\2007_r17_c04.png,data\interim\inegi_orthophoto\fundidora_2007_1m_rgb.png,36,64,1,non_vegetation,BK,
2007,17,10,data\labels\fundidora_2007_resolution\2007\2007_r17_c10.png,data\interim\inegi_orthophoto\fundidora_2007_1m_rgb.png,36,64,1,non_vegetation,BK,
2007,17,16,data\labels\fundidora_2007_resolution\2007\2007_r17_c16.png,data\interim\inegi_orthophoto\fundidora_2007_1m_rgb.png,36,64,1,non_vegetation,BK,
2007,17,22,data\labels\fundidora_2007_resolution\2007\2007_r17_c22.png,data\interim\inegi_orthophoto\fundidora_2007_1m_rgb.png,36,64,1,non_vegetation,BK,
2007,17,28,data\labels\fundidora_2007_resolution\2007\2007_r17_c28.png,data\interim\inegi_orthophoto\fundidora_2007_1m_rgb.png,36,64,1,non_vegetation,BK,
2007,17,34,data\labels\fundidora_2007_resolution\2007\2007_r17_c34.png,data\interim\inegi_orthophoto\fundidora_2007_1m_rgb.png,36,64,1,non_vegetation,BK,
2007,17,40,data\labels\fundidora_2007_resolution\2007\2007_r17_c40.png,data\interim\inegi_orthophoto\fundidora_2007_1m_rgb.png,36,64,1,vegetation,BK,
2007,17,46,data\labels\fundidora_2007_resolution\2007\2007_r17_c46.png,data\interim\inegi_orthophoto\fundidora_2007_1m_rgb.png,36,64,1,non_vegetation,BK,
2007,17,52,data\labels\fundidora_2007_resolution\2007\2007_r17_c52.png,data\interim\inegi_orthophoto\fundidora_2007_1m_rgb.png,36,64,1,vegetation,BK,
2007,17,58,data\labels\fundidora_2007_resolution\2007\2007_r17_c58.png,data\interim\inegi_orthophoto\fundidora_2007_1m_rgb.png,36,64,1,non_vegetation,BK,
2007,18,0,data\labels\fundidora_2007_resolution\2007\2007_r18_c00.png,data\interim\inegi_orthophoto\fundidora_2007_1m_rgb.png,36,64,1,non_vegetation,BK,
2007,18,6,data\labels\fundidora_2007_resolution\2007\2007_r18_c06.png,data\interim\inegi_orthophoto\fundidora_2007_1m_rgb.png,36,64,1,non_vegetation,BK,
2007,18,12,data\labels\fundidora_2007_resolution\2007\2007_r18_c12.png,data\interim\inegi_orthophoto\fundidora_2007_1m_rgb.png,36,64,1,non_vegetation,BK,
2007,18,18,data\labels\fundidora_2007_resolution\2007\2007_r18_c18.png,data\interim\inegi_orthophoto\fundidora_2007_1m_rgb.png,36,64,1,non_vegetation,BK,
2007,18,24,data\labels\fundidora_2007_resolution\2007\2007_r18_c24.png,data\interim\inegi_orthophoto\fundidora_2007_1m_rgb.png,36,64,1,non_vegetation,BK,
2007,18,30,data\labels\fundidora_2007_resolution\2007\2007_r18_c30.png,data\interim\inegi_orthophoto\fundidora_2007_1m_rgb.png,36,64,1,non_vegetation,BK,
2007,18,36,data\labels\fundidora_2007_resolution\2007\2007_r18_c36.png,data\interim\inegi_orthophoto\fundidora_2007_1m_rgb.png,36,64,1,non_vegetation,BK,
2007,18,42,data\labels\fundidora_2007_resolution\2007\2007_r18_c42.png,data\interim\inegi_orthophoto\fundidora_2007_1m_rgb.png,36,64,1,non_vegetation,BK,
2007,18,48,data\labels\fundidora_2007_resolution\2007\2007_r18_c48.png,data\interim\inegi_orthophoto\fundidora_2007_1m_rgb.png,36,64,1,vegetation,BK,
2007,18,54,data\labels\fundidora_2007_resolution\2007\2007_r18_c54.png,data\interim\inegi_orthophoto\fundidora_2007_1m_rgb.png,36,64,1,non_vegetation,BK,
2007,18,60,data\labels\fundidora_2007_resolution\2007\2007_r18_c60.png,data\interim\inegi_orthophoto\fundidora_2007_1m_rgb.png,36,64,1,non_vegetation,BK,
2007,19,2,data\labels\fundidora_2007_resolution\2007\2007_r19_c02.png,data\interim\inegi_orthophoto\fundidora_2007_1m_rgb.png,36,64,1,non_vegetation,BK,
2007,19,8,data\labels\fundidora_2007_resolution\2007\2007_r19_c08.png,data\interim\inegi_orthophoto\fundidora_2007_1m_rgb.png,36,64,1,non_vegetation,BK,
2007,19,14,data\labels\fundidora_2007_resolution\2007\2007_r19_c14.png,data\interim\inegi_orthophoto\fundidora_2007_1m_rgb.png,36,64,1,vegetation,BK,
2007,19,20,data\labels\fundidora_2007_resolution\2007\2007_r19_c20.png,data\interim\inegi_orthophoto\fundidora_2007_1m_rgb.png,36,64,1,non_vegetation,BK,
2007,19,26,data\labels\fundidora_2007_resolution\2007\2007_r19_c26.png,data\interim\inegi_orthophoto\fundidora_2007_1m_rgb.png,36,64,1,non_vegetation,BK,
2007,19,32,data\labels\fundidora_2007_resolution\2007\2007_r19_c32.png,data\interim\inegi_orthophoto\fundidora_2007_1m_rgb.png,36,64,1,vegetation,BK,
2007,19,38,data\labels\fundidora_2007_resolution\2007\2007_r19_c38.png,data\interim\inegi_orthophoto\fundidora_2007_1m_rgb.png,36,64,1,vegetation,BK,
2007,19,44,data\labels\fundidora_2007_resolution\2007\2007_r19_c44.png,data\interim\inegi_orthophoto\fundidora_2007_1m_rgb.png,36,64,1,non_vegetation,BK,
2007,19,50,data\labels\fundidora_2007_resolution\2007\2007_r19_c50.png,data\interim\inegi_orthophoto\fundidora_2007_1m_rgb.png,36,64,1,non_vegetation,BK,
2007,19,56,data\labels\fundidora_2007_resolution\2007\2007_r19_c56.png,data\interim\inegi_orthophoto\fundidora_2007_1m_rgb.png,36,64,1,non_vegetation,BK,
2007,19,62,data\labels\fundidora_2007_resolution\2007\2007_r19_c62.png,data\interim\inegi_orthophoto\fundidora_2007_1m_rgb.png,36,64,1,vegetation,BK,
2007,20,4,data\labels\fundidora_2007_resolution\2007\2007_r20_c04.png,data\interim\inegi_orthophoto\fundidora_2007_1m_rgb.png,36,64,1,non_vegetation,BK,
2007,20,10,data\labels\fundidora_2007_resolution\2007\2007_r20_c10.png,data\interim\inegi_orthophoto\fundidora_2007_1m_rgb.png,36,64,1,uncertain,BK,
2007,20,16,data\labels\fundidora_2007_resolution\2007\2007_r20_c16.png,data\interim\inegi_orthophoto\fundidora_2007_1m_rgb.png,36,64,1,uncertain,BK,
2007,20,22,data\labels\fundidora_2007_resolution\2007\2007_r20_c22.png,data\interim\inegi_orthophoto\fundidora_2007_1m_rgb.png,36,64,1,uncertain,BK,
2007,20,28,data\labels\fundidora_2007_resolution\2007\2007_r20_c28.png,data\interim\inegi_orthophoto\fundidora_2007_1m_rgb.png,36,64,1,non_vegetation,BK,
2007,20,34,data\labels\fundidora_2007_resolution\2007\2007_r20_c34.png,data\interim\inegi_orthophoto\fundidora_2007_1m_rgb.png,36,64,1,vegetation,BK,
2007,20,40,data\labels\fundidora_2007_resolution\2007\2007_r20_c40.png,data\interim\inegi_orthophoto\fundidora_2007_1m_rgb.png,36,64,1,vegetation,BK,
2007,20,46,data\labels\fundidora_2007_resolution\2007\2007_r20_c46.png,data\interim\inegi_orthophoto\fundidora_2007_1m_rgb.png,36,64,1,non_vegetation,BK,
2007,20,52,data\labels\fundidora_2007_resolution\2007\2007_r20_c52.png,data\interim\inegi_orthophoto\fundidora_2007_1m_rgb.png,36,64,1,non_vegetation,BK,
2007,20,58,data\labels\fundidora_2007_resolution\2007\2007_r20_c58.png,data\interim\inegi_orthophoto\fundidora_2007_1m_rgb.png,36,64,1,non_vegetation,BK,
2007,21,0,data\labels\fundidora_2007_resolution\2007\2007_r21_c00.png,data\interim\inegi_orthophoto\fundidora_2007_1m_rgb.png,36,64,1,non_vegetation,BK,
2007,21,6,data\labels\fundidora_2007_resolution\2007\2007_r21_c06.png,data\interim\inegi_orthophoto\fundidora_2007_1m_rgb.png,36,64,1,non_vegetation,BK,
2007,21,12,data\labels\fundidora_2007_resolution\2007\2007_r21_c12.png,data\interim\inegi_orthophoto\fundidora_2007_1m_rgb.png,36,64,1,uncertain,BK,
2007,21,18,data\labels\fundidora_2007_resolution\2007\2007_r21_c18.png,data\interim\inegi_orthophoto\fundidora_2007_1m_rgb.png,36,64,1,uncertain,BK,
2007,21,24,data\labels\fundidora_2007_resolution\2007\2007_r21_c24.png,data\interim\inegi_orthophoto\fundidora_2007_1m_rgb.png,36,64,1,non_vegetation,BK,
2007,21,30,data\labels\fundidora_2007_resolution\2007\2007_r21_c30.png,data\interim\inegi_orthophoto\fundidora_2007_1m_rgb.png,36,64,1,non_vegetation,BK,
2007,21,36,data\labels\fundidora_2007_resolution\2007\2007_r21_c36.png,data\interim\inegi_orthophoto\fundidora_2007_1m_rgb.png,36,64,1,vegetation,BK,
2007,21,42,data\labels\fundidora_2007_resolution\2007\2007_r21_c42.png,data\interim\inegi_orthophoto\fundidora_2007_1m_rgb.png,36,64,1,vegetation,BK,
2007,21,48,data\labels\fundidora_2007_resolution\2007\2007_r21_c48.png,data\interim\inegi_orthophoto\fundidora_2007_1m_rgb.png,36,64,1,vegetation,BK,
2007,21,54,data\labels\fundidora_2007_resolution\2007\2007_r21_c54.png,data\interim\inegi_orthophoto\fundidora_2007_1m_rgb.png,36,64,1,vegetation,BK,
2007,21,60,data\labels\fundidora_2007_resolution\2007\2007_r21_c60.png,data\interim\inegi_orthophoto\fundidora_2007_1m_rgb.png,36,64,1,vegetation,BK,
2007,22,2,data\labels\fundidora_2007_resolution\2007\2007_r22_c02.png,data\interim\inegi_orthophoto\fundidora_2007_1m_rgb.png,36,64,1,uncertain,BK,
2007,22,8,data\labels\fundidora_2007_resolution\2007\2007_r22_c08.png,data\interim\inegi_orthophoto\fundidora_2007_1m_rgb.png,36,64,1,uncertain,BK,
2007,22,14,data\labels\fundidora_2007_resolution\2007\2007_r22_c14.png,data\interim\inegi_orthophoto\fundidora_2007_1m_rgb.png,36,64,1,uncertain,BK,
2007,22,20,data\labels\fundidora_2007_resolution\2007\2007_r22_c20.png,data\interim\inegi_orthophoto\fundidora_2007_1m_rgb.png,36,64,1,non_vegetation,BK,
2007,22,26,data\labels\fundidora_2007_resolution\2007\2007_r22_c26.png,data\interim\inegi_orthophoto\fundidora_2007_1m_rgb.png,36,64,1,non_vegetation,BK,
2007,22,32,data\labels\fundidora_2007_resolution\2007\2007_r22_c32.png,data\interim\inegi_orthophoto\fundidora_2007_1m_rgb.png,36,64,1,vegetation,BK,
2007,22,38,data\labels\fundidora_2007_resolution\2007\2007_r22_c38.png,data\interim\inegi_orthophoto\fundidora_2007_1m_rgb.png,36,64,1,vegetation,BK,
2007,22,44,data\labels\fundidora_2007_resolution\2007\2007_r22_c44.png,data\interim\inegi_orthophoto\fundidora_2007_1m_rgb.png,36,64,1,vegetation,BK,
2007,22,50,data\labels\fundidora_2007_resolution\2007\2007_r22_c50.png,data\interim\inegi_orthophoto\fundidora_2007_1m_rgb.png,36,64,1,non_vegetation,BK,
2007,22,56,data\labels\fundidora_2007_resolution\2007\2007_r22_c56.png,data\interim\inegi_orthophoto\fundidora_2007_1m_rgb.png,36,64,1,vegetation,BK,
2007,22,62,data\labels\fundidora_2007_resolution\2007\2007_r22_c62.png,data\interim\inegi_orthophoto\fundidora_2007_1m_rgb.png,36,64,1,vegetation,BK,
2007,23,4,data\labels\fundidora_2007_resolution\2007\2007_r23_c04.png,data\interim\inegi_orthophoto\fundidora_2007_1m_rgb.png,36,64,1,non_vegetation,BK,
2007,23,10,data\labels\fundidora_2007_resolution\2007\2007_r23_c10.png,data\interim\inegi_orthophoto\fundidora_2007_1m_rgb.png,36,64,1,uncertain,BK,
2007,23,16,data\labels\fundidora_2007_resolution\2007\2007_r23_c16.png,data\interim\inegi_orthophoto\fundidora_2007_1m_rgb.png,36,64,1,uncertain,BK,
2007,23,22,data\labels\fundidora_2007_resolution\2007\2007_r23_c22.png,data\interim\inegi_orthophoto\fundidora_2007_1m_rgb.png,36,64,1,non_vegetation,BK,
2007,23,28,data\labels\fundidora_2007_resolution\2007\2007_r23_c28.png,data\interim\inegi_orthophoto\fundidora_2007_1m_rgb.png,36,64,1,vegetation,BK,
2007,23,34,data\labels\fundidora_2007_resolution\2007\2007_r23_c34.png,data\interim\inegi_orthophoto\fundidora_2007_1m_rgb.png,36,64,1,vegetation,BK,
2007,23,40,data\labels\fundidora_2007_resolution\2007\2007_r23_c40.png,data\interim\inegi_orthophoto\fundidora_2007_1m_rgb.png,36,64,1,vegetation,BK,
2007,23,46,data\labels\fundidora_2007_resolution\2007\2007_r23_c46.png,data\interim\inegi_orthophoto\fundidora_2007_1m_rgb.png,36,64,1,vegetation,BK,
2007,23,52,data\labels\fundidora_2007_resolution\2007\2007_r23_c52.png,data\interim\inegi_orthophoto\fundidora_2007_1m_rgb.png,36,64,1,vegetation,BK,
2007,23,58,data\labels\fundidora_2007_resolution\2007\2007_r23_c58.png,data\interim\inegi_orthophoto\fundidora_2007_1m_rgb.png,36,64,1,vegetation,BK,
2007,24,0,data\labels\fundidora_2007_resolution\2007\2007_r24_c00.png,data\interim\inegi_orthophoto\fundidora_2007_1m_rgb.png,36,64,1,non_vegetation,BK,
2007,24,6,data\labels\fundidora_2007_resolution\2007\2007_r24_c06.png,data\interim\inegi_orthophoto\fundidora_2007_1m_rgb.png,36,64,1,non_vegetation,BK,
2007,24,12,data\labels\fundidora_2007_resolution\2007\2007_r24_c12.png,data\interim\inegi_orthophoto\fundidora_2007_1m_rgb.png,36,64,1,non_vegetation,BK,
2007,24,18,data\labels\fundidora_2007_resolution\2007\2007_r24_c18.png,data\interim\inegi_orthophoto\fundidora_2007_1m_rgb.png,36,64,1,non_vegetation,BK,
2007,24,24,data\labels\fundidora_2007_resolution\2007\2007_r24_c24.png,data\interim\inegi_orthophoto\fundidora_2007_1m_rgb.png,36,64,1,non_vegetation,BK,
2007,24,30,data\labels\fundidora_2007_resolution\2007\2007_r24_c30.png,data\interim\inegi_orthophoto\fundidora_2007_1m_rgb.png,36,64,1,non_vegetation,BK,
2007,24,36,data\labels\fundidora_2007_resolution\2007\2007_r24_c36.png,data\interim\inegi_orthophoto\fundidora_2007_1m_rgb.png,36,64,1,vegetation,BK,
2007,24,42,data\labels\fundidora_2007_resolution\2007\2007_r24_c42.png,data\interim\inegi_orthophoto\fundidora_2007_1m_rgb.png,36,64,1,vegetation,BK,
2007,24,48,data\labels\fundidora_2007_resolution\2007\2007_r24_c48.png,data\interim\inegi_orthophoto\fundidora_2007_1m_rgb.png,36,64,1,uncertain,BK,
2007,24,54,data\labels\fundidora_2007_resolution\2007\2007_r24_c54.png,data\interim\inegi_orthophoto\fundidora_2007_1m_rgb.png,36,64,1,uncertain,BK,
2007,24,60,data\labels\fundidora_2007_resolution\2007\2007_r24_c60.png,data\interim\inegi_orthophoto\fundidora_2007_1m_rgb.png,36,64,1,uncertain,BK,
2007,25,2,data\labels\fundidora_2007_resolution\2007\2007_r25_c02.png,data\interim\inegi_orthophoto\fundidora_2007_1m_rgb.png,36,64,1,uncertain,BK,
2007,25,8,data\labels\fundidora_2007_resolution\2007\2007_r25_c08.png,data\interim\inegi_orthophoto\fundidora_2007_1m_rgb.png,36,64,1,uncertain,BK,
2007,25,14,data\labels\fundidora_2007_resolution\2007\2007_r25_c14.png,data\interim\inegi_orthophoto\fundidora_2007_1m_rgb.png,36,64,1,vegetation,BK,
2007,25,20,data\labels\fundidora_2007_resolution\2007\2007_r25_c20.png,data\interim\inegi_orthophoto\fundidora_2007_1m_rgb.png,36,64,1,non_vegetation,BK,
2007,25,26,data\labels\fundidora_2007_resolution\2007\2007_r25_c26.png,data\interim\inegi_orthophoto\fundidora_2007_1m_rgb.png,36,64,1,non_vegetation,BK,
2007,25,32,data\labels\fundidora_2007_resolution\2007\2007_r25_c32.png,data\interim\inegi_orthophoto\fundidora_2007_1m_rgb.png,36,64,1,non_vegetation,BK,
2007,25,38,data\labels\fundidora_2007_resolution\2007\2007_r25_c38.png,data\interim\inegi_orthophoto\fundidora_2007_1m_rgb.png,36,64,1,vegetation,BK,
2007,25,44,data\labels\fundidora_2007_resolution\2007\2007_r25_c44.png,data\interim\inegi_orthophoto\fundidora_2007_1m_rgb.png,36,64,1,vegetation,BK,
2007,25,50,data\labels\fundidora_2007_resolution\2007\2007_r25_c50.png,data\interim\inegi_orthophoto\fundidora_2007_1m_rgb.png,36,64,1,non_vegetation,BK,
2007,25,56,data\labels\fundidora_2007_resolution\2007\2007_r25_c56.png,data\interim\inegi_orthophoto\fundidora_2007_1m_rgb.png,36,64,1,non_vegetation,BK,
2007,25,62,data\labels\fundidora_2007_resolution\2007\2007_r25_c62.png,data\interim\inegi_orthophoto\fundidora_2007_1m_rgb.png,36,64,1,vegetation,BK,
2007,26,4,data\labels\fundidora_2007_resolution\2007\2007_r26_c04.png,data\interim\inegi_orthophoto\fundidora_2007_1m_rgb.png,36,64,1,uncertain,BK,
2007,26,10,data\labels\fundidora_2007_resolution\2007\2007_r26_c10.png,data\interim\inegi_orthophoto\fundidora_2007_1m_rgb.png,36,64,1,vegetation,BK,
2007,26,16,data\labels\fundidora_2007_resolution\2007\2007_r26_c16.png,data\interim\inegi_orthophoto\fundidora_2007_1m_rgb.png,36,64,1,vegetation,BK,
2007,26,22,data\labels\fundidora_2007_resolution\2007\2007_r26_c22.png,data\interim\inegi_orthophoto\fundidora_2007_1m_rgb.png,36,64,1,uncertain,BK,
2007,26,28,data\labels\fundidora_2007_resolution\2007\2007_r26_c28.png,data\interim\inegi_orthophoto\fundidora_2007_1m_rgb.png,36,64,1,uncertain,BK,
2007,26,34,data\labels\fundidora_2007_resolution\2007\2007_r26_c34.png,data\interim\inegi_orthophoto\fundidora_2007_1m_rgb.png,36,64,1,vegetation,BK,
2007,26,40,data\labels\fundidora_2007_resolution\2007\2007_r26_c40.png,data\interim\inegi_orthophoto\fundidora_2007_1m_rgb.png,36,64,1,vegetation,BK,
2007,26,46,data\labels\fundidora_2007_resolution\2007\2007_r26_c46.png,data\interim\inegi_orthophoto\fundidora_2007_1m_rgb.png,36,64,1,uncertain,BK,
2007,26,52,data\labels\fundidora_2007_resolution\2007\2007_r26_c52.png,data\interim\inegi_orthophoto\fundidora_2007_1m_rgb.png,36,64,1,non_vegetation,BK,
2007,26,58,data\labels\fundidora_2007_resolution\2007\2007_r26_c58.png,data\interim\inegi_orthophoto\fundidora_2007_1m_rgb.png,36,64,1,uncertain,BK,
2007,27,0,data\labels\fundidora_2007_resolution\2007\2007_r27_c00.png,data\interim\inegi_orthophoto\fundidora_2007_1m_rgb.png,36,64,1,non_vegetation,BK,
2007,27,6,data\labels\fundidora_2007_resolution\2007\2007_r27_c06.png,data\interim\inegi_orthophoto\fundidora_2007_1m_rgb.png,36,64,1,vegetation,BK,
2007,27,12,data\labels\fundidora_2007_resolution\2007\2007_r27_c12.png,data\interim\inegi_orthophoto\fundidora_2007_1m_rgb.png,36,64,1,uncertain,BK,
2007,27,18,data\labels\fundidora_2007_resolution\2007\2007_r27_c18.png,data\interim\inegi_orthophoto\fundidora_2007_1m_rgb.png,36,64,1,uncertain,BK,
2007,27,24,data\labels\fundidora_2007_resolution\2007\2007_r27_c24.png,data\interim\inegi_orthophoto\fundidora_2007_1m_rgb.png,36,64,1,uncertain,BK,
2007,27,30,data\labels\fundidora_2007_resolution\2007\2007_r27_c30.png,data\interim\inegi_orthophoto\fundidora_2007_1m_rgb.png,36,64,1,uncertain,BK,
2007,27,36,data\labels\fundidora_2007_resolution\2007\2007_r27_c36.png,data\interim\inegi_orthophoto\fundidora_2007_1m_rgb.png,36,64,1,vegetation,BK,
2007,27,42,data\labels\fundidora_2007_resolution\2007\2007_r27_c42.png,data\interim\inegi_orthophoto\fundidora_2007_1m_rgb.png,36,64,1,uncertain,BK,
2007,27,48,data\labels\fundidora_2007_resolution\2007\2007_r27_c48.png,data\interim\inegi_orthophoto\fundidora_2007_1m_rgb.png,36,64,1,non_vegetation,BK,
2007,27,54,data\labels\fundidora_2007_resolution\2007\2007_r27_c54.png,data\interim\inegi_orthophoto\fundidora_2007_1m_rgb.png,36,64,1,non_vegetation,BK,
2007,27,60,data\labels\fundidora_2007_resolution\2007\2007_r27_c60.png,data\interim\inegi_orthophoto\fundidora_2007_1m_rgb.png,36,64,1,non_vegetation,BK,
2007,28,2,data\labels\fundidora_2007_resolution\2007\2007_r28_c02.png,data\interim\inegi_orthophoto\fundidora_2007_1m_rgb.png,36,64,1,non_vegetation,BK,
2007,28,8,data\labels\fundidora_2007_resolution\2007\2007_r28_c08.png,data\interim\inegi_orthophoto\fundidora_2007_1m_rgb.png,36,64,1,uncertain,BK,
2007,28,14,data\labels\fundidora_2007_resolution\2007\2007_r28_c14.png,data\interim\inegi_orthophoto\fundidora_2007_1m_rgb.png,36,64,1,uncertain,BK,
2007,28,20,data\labels\fundidora_2007_resolution\2007\2007_r28_c20.png,data\interim\inegi_orthophoto\fundidora_2007_1m_rgb.png,36,64,1,vegetation,BK,
2007,28,26,data\labels\fundidora_2007_resolution\2007\2007_r28_c26.png,data\interim\inegi_orthophoto\fundidora_2007_1m_rgb.png,36,64,1,uncertain,BK,
2007,28,32,data\labels\fundidora_2007_resolution\2007\2007_r28_c32.png,data\interim\inegi_orthophoto\fundidora_2007_1m_rgb.png,36,64,1,non_vegetation,BK,
2007,28,38,data\labels\fundidora_2007_resolution\2007\2007_r28_c38.png,data\interim\inegi_orthophoto\fundidora_2007_1m_rgb.png,36,64,1,non_vegetation,BK,
2007,28,44,data\labels\fundidora_2007_resolution\2007\2007_r28_c44.png,data\interim\inegi_orthophoto\fundidora_2007_1m_rgb.png,36,64,1,non_vegetation,BK,
2007,28,50,data\labels\fundidora_2007_resolution\2007\2007_r28_c50.png,data\interim\inegi_orthophoto\fundidora_2007_1m_rgb.png,36,64,1,non_vegetation,BK,
2007,28,56,data\labels\fundidora_2007_resolution\2007\2007_r28_c56.png,data\interim\inegi_orthophoto\fundidora_2007_1m_rgb.png,36,64,1,non_vegetation,BK,
2007,28,62,data\labels\fundidora_2007_resolution\2007\2007_r28_c62.png,data\interim\inegi_orthophoto\fundidora_2007_1m_rgb.png,36,64,1,non_vegetation,BK,
2007,29,4,data\labels\fundidora_2007_resolution\2007\2007_r29_c04.png,data\interim\inegi_orthophoto\fundidora_2007_1m_rgb.png,36,64,1,uncertain,BK,
2007,29,10,data\labels\fundidora_2007_resolution\2007\2007_r29_c10.png,data\interim\inegi_orthophoto\fundidora_2007_1m_rgb.png,36,64,1,uncertain,BK,
2007,29,16,data\labels\fundidora_2007_resolution\2007\2007_r29_c16.png,data\interim\inegi_orthophoto\fundidora_2007_1m_rgb.png,36,64,1,uncertain,BK,
2007,29,22,data\labels\fundidora_2007_resolution\2007\2007_r29_c22.png,data\interim\inegi_orthophoto\fundidora_2007_1m_rgb.png,36,64,1,uncertain,BK,
2007,29,28,data\labels\fundidora_2007_resolution\2007\2007_r29_c28.png,data\interim\inegi_orthophoto\fundidora_2007_1m_rgb.png,36,64,1,vegetation,BK,
2007,29,34,data\labels\fundidora_2007_resolution\2007\2007_r29_c34.png,data\interim\inegi_orthophoto\fundidora_2007_1m_rgb.png,36,64,1,non_vegetation,BK,
2007,29,40,data\labels\fundidora_2007_resolution\2007\2007_r29_c40.png,data\interim\inegi_orthophoto\fundidora_2007_1m_rgb.png,36,64,1,non_vegetation,BK,
2007,29,46,data\labels\fundidora_2007_resolution\2007\2007_r29_c46.png,data\interim\inegi_orthophoto\fundidora_2007_1m_rgb.png,36,64,1,non_vegetation,BK,
2007,29,52,data\labels\fundidora_2007_resolution\2007\2007_r29_c52.png,data\interim\inegi_orthophoto\fundidora_2007_1m_rgb.png,36,64,1,non_vegetation,BK,
2007,29,58,data\labels\fundidora_2007_resolution\2007\2007_r29_c58.png,data\interim\inegi_orthophoto\fundidora_2007_1m_rgb.png,36,64,1,non_vegetation,BK,
2007,30,0,data\labels\fundidora_2007_resolution\2007\2007_r30_c00.png,data\interim\inegi_orthophoto\fundidora_2007_1m_rgb.png,36,64,1,non_vegetation,BK,
2007,30,6,data\labels\fundidora_2007_resolution\2007\2007_r30_c06.png,data\interim\inegi_orthophoto\fundidora_2007_1m_rgb.png,36,64,1,non_vegetation,BK,
2007,30,12,data\labels\fundidora_2007_resolution\2007\2007_r30_c12.png,data\interim\inegi_orthophoto\fundidora_2007_1m_rgb.png,36,64,1,non_vegetation,BK,
2007,30,18,data\labels\fundidora_2007_resolution\2007\2007_r30_c18.png,data\interim\inegi_orthophoto\fundidora_2007_1m_rgb.png,36,64,1,non_vegetation,BK,
2007,30,24,data\labels\fundidora_2007_resolution\2007\2007_r30_c24.png,data\interim\inegi_orthophoto\fundidora_2007_1m_rgb.png,36,64,1,non_vegetation,BK,
2007,30,30,data\labels\fundidora_2007_resolution\2007\2007_r30_c30.png,data\interim\inegi_orthophoto\fundidora_2007_1m_rgb.png,36,64,1,non_vegetation,BK,
2007,30,36,data\labels\fundidora_2007_resolution\2007\2007_r30_c36.png,data\interim\inegi_orthophoto\fundidora_2007_1m_rgb.png,36,64,1,non_vegetation,BK,
2007,30,42,data\labels\fundidora_2007_resolution\2007\2007_r30_c42.png,data\interim\inegi_orthophoto\fundidora_2007_1m_rgb.png,36,64,1,non_vegetation,BK,
2007,30,48,data\labels\fundidora_2007_resolution\2007\2007_r30_c48.png,data\interim\inegi_orthophoto\fundidora_2007_1m_rgb.png,36,64,1,non_vegetation,BK,
2007,30,54,data\labels\fundidora_2007_resolution\2007\2007_r30_c54.png,data\interim\inegi_orthophoto\fundidora_2007_1m_rgb.png,36,64,1,non_vegetation,BK,
2007,30,60,data\labels\fundidora_2007_resolution\2007\2007_r30_c60.png,data\interim\inegi_orthophoto\fundidora_2007_1m_rgb.png,36,64,1,non_vegetation,BK,
2007,31,2,data\labels\fundidora_2007_resolution\2007\2007_r31_c02.png,data\interim\inegi_orthophoto\fundidora_2007_1m_rgb.png,36,64,1,non_vegetation,BK,
2007,31,8,data\labels\fundidora_2007_resolution\2007\2007_r31_c08.png,data\interim\inegi_orthophoto\fundidora_2007_1m_rgb.png,36,64,1,vegetation,BK,
2007,31,14,data\labels\fundidora_2007_resolution\2007\2007_r31_c14.png,data\interim\inegi_orthophoto\fundidora_2007_1m_rgb.png,36,64,1,vegetation,BK,
2007,31,20,data\labels\fundidora_2007_resolution\2007\2007_r31_c20.png,data\interim\inegi_orthophoto\fundidora_2007_1m_rgb.png,36,64,1,vegetation,BK,
2007,31,26,data\labels\fundidora_2007_resolution\2007\2007_r31_c26.png,data\interim\inegi_orthophoto\fundidora_2007_1m_rgb.png,36,64,1,vegetation,BK,
2007,31,32,data\labels\fundidora_2007_resolution\2007\2007_r31_c32.png,data\interim\inegi_orthophoto\fundidora_2007_1m_rgb.png,36,64,1,non_vegetation,BK,
2007,31,38,data\labels\fundidora_2007_resolution\2007\2007_r31_c38.png,data\interim\inegi_orthophoto\fundidora_2007_1m_rgb.png,36,64,1,non_vegetation,BK,
2007,31,44,data\labels\fundidora_2007_resolution\2007\2007_r31_c44.png,data\interim\inegi_orthophoto\fundidora_2007_1m_rgb.png,36,64,1,vegetation,BK,
2007,31,50,data\labels\fundidora_2007_resolution\2007\2007_r31_c50.png,data\interim\inegi_orthophoto\fundidora_2007_1m_rgb.png,36,64,1,uncertain,BK,
2007,31,56,data\labels\fundidora_2007_resolution\2007\2007_r31_c56.png,data\interim\inegi_orthophoto\fundidora_2007_1m_rgb.png,36,64,1,vegetation,BK,
2007,31,62,data\labels\fundidora_2007_resolution\2007\2007_r31_c62.png,data\interim\inegi_orthophoto\fundidora_2007_1m_rgb.png,36,64,1,vegetation,BK,
2007,32,4,data\labels\fundidora_2007_resolution\2007\2007_r32_c04.png,data\interim\inegi_orthophoto\fundidora_2007_1m_rgb.png,36,64,1,non_vegetation,BK,
2007,32,10,data\labels\fundidora_2007_resolution\2007\2007_r32_c10.png,data\interim\inegi_orthophoto\fundidora_2007_1m_rgb.png,36,64,1,non_vegetation,BK,
2007,32,16,data\labels\fundidora_2007_resolution\2007\2007_r32_c16.png,data\interim\inegi_orthophoto\fundidora_2007_1m_rgb.png,36,64,1,vegetation,BK,
2007,32,22,data\labels\fundidora_2007_resolution\2007\2007_r32_c22.png,data\interim\inegi_orthophoto\fundidora_2007_1m_rgb.png,36,64,1,vegetation,BK,
2007,32,28,data\labels\fundidora_2007_resolution\2007\2007_r32_c28.png,data\interim\inegi_orthophoto\fundidora_2007_1m_rgb.png,36,64,1,non_vegetation,BK,
2007,32,34,data\labels\fundidora_2007_resolution\2007\2007_r32_c34.png,data\interim\inegi_orthophoto\fundidora_2007_1m_rgb.png,36,64,1,non_vegetation,BK,
2007,32,40,data\labels\fundidora_2007_resolution\2007\2007_r32_c40.png,data\interim\inegi_orthophoto\fundidora_2007_1m_rgb.png,36,64,1,vegetation,BK,
2007,32,46,data\labels\fundidora_2007_resolution\2007\2007_r32_c46.png,data\interim\inegi_orthophoto\fundidora_2007_1m_rgb.png,36,64,1,non_vegetation,BK,
2007,32,52,data\labels\fundidora_2007_resolution\2007\2007_r32_c52.png,data\interim\inegi_orthophoto\fundidora_2007_1m_rgb.png,36,64,1,vegetation,BK,
2007,32,58,data\labels\fundidora_2007_resolution\2007\2007_r32_c58.png,data\interim\inegi_orthophoto\fundidora_2007_1m_rgb.png,36,64,1,uncertain,BK,
2007,33,0,data\labels\fundidora_2007_resolution\2007\2007_r33_c00.png,data\interim\inegi_orthophoto\fundidora_2007_1m_rgb.png,36,64,1,uncertain,BK,
2007,33,6,data\labels\fundidora_2007_resolution\2007\2007_r33_c06.png,data\interim\inegi_orthophoto\fundidora_2007_1m_rgb.png,36,64,1,uncertain,BK,
2007,33,12,data\labels\fundidora_2007_resolution\2007\2007_r33_c12.png,data\interim\inegi_orthophoto\fundidora_2007_1m_rgb.png,36,64,1,non_vegetation,BK,
2007,33,18,data\labels\fundidora_2007_resolution\2007\2007_r33_c18.png,data\interim\inegi_orthophoto\fundidora_2007_1m_rgb.png,36,64,1,vegetation,BK,
2007,33,24,data\labels\fundidora_2007_resolution\2007\2007_r33_c24.png,data\interim\inegi_orthophoto\fundidora_2007_1m_rgb.png,36,64,1,non_vegetation,BK,
2007,33,30,data\labels\fundidora_2007_resolution\2007\2007_r33_c30.png,data\interim\inegi_orthophoto\fundidora_2007_1m_rgb.png,36,64,1,non_vegetation,BK,
2007,33,36,data\labels\fundidora_2007_resolution\2007\2007_r33_c36.png,data\interim\inegi_orthophoto\fundidora_2007_1m_rgb.png,36,64,1,non_vegetation,BK,
2007,33,42,data\labels\fundidora_2007_resolution\2007\2007_r33_c42.png,data\interim\inegi_orthophoto\fundidora_2007_1m_rgb.png,36,64,1,non_vegetation,BK,
2007,33,48,data\labels\fundidora_2007_resolution\2007\2007_r33_c48.png,data\interim\inegi_orthophoto\fundidora_2007_1m_rgb.png,36,64,1,non_vegetation,BK,
2007,33,54,data\labels\fundidora_2007_resolution\2007\2007_r33_c54.png,data\interim\inegi_orthophoto\fundidora_2007_1m_rgb.png,36,64,1,vegetation,BK,
2007,33,60,data\labels\fundidora_2007_resolution\2007\2007_r33_c60.png,data\interim\inegi_orthophoto\fundidora_2007_1m_rgb.png,36,64,1,non_vegetation,BK,
2007,34,2,data\labels\fundidora_2007_resolution\2007\2007_r34_c02.png,data\interim\inegi_orthophoto\fundidora_2007_1m_rgb.png,36,64,1,non_vegetation,BK,
2007,34,8,data\labels\fundidora_2007_resolution\2007\2007_r34_c08.png,data\interim\inegi_orthophoto\fundidora_2007_1m_rgb.png,36,64,1,non_vegetation,BK,
2007,34,14,data\labels\fundidora_2007_resolution\2007\2007_r34_c14.png,data\interim\inegi_orthophoto\fundidora_2007_1m_rgb.png,36,64,1,non_vegetation,BK,
2007,34,20,data\labels\fundidora_2007_resolution\2007\2007_r34_c20.png,data\interim\inegi_orthophoto\fundidora_2007_1m_rgb.png,36,64,1,non_vegetation,BK,
2007,34,26,data\labels\fundidora_2007_resolution\2007\2007_r34_c26.png,data\interim\inegi_orthophoto\fundidora_2007_1m_rgb.png,36,64,1,non_vegetation,BK,
2007,34,32,data\labels\fundidora_2007_resolution\2007\2007_r34_c32.png,data\interim\inegi_orthophoto\fundidora_2007_1m_rgb.png,36,64,1,vegetation,BK,
2007,34,38,data\labels\fundidora_2007_resolution\2007\2007_r34_c38.png,data\interim\inegi_orthophoto\fundidora_2007_1m_rgb.png,36,64,1,non_vegetation,BK,
2007,34,44,data\labels\fundidora_2007_resolution\2007\2007_r34_c44.png,data\interim\inegi_orthophoto\fundidora_2007_1m_rgb.png,36,64,1,non_vegetation,BK,
2007,34,50,data\labels\fundidora_2007_resolution\2007\2007_r34_c50.png,data\interim\inegi_orthophoto\fundidora_2007_1m_rgb.png,36,64,1,non_vegetation,BK,
2007,34,56,data\labels\fundidora_2007_resolution\2007\2007_r34_c56.png,data\interim\inegi_orthophoto\fundidora_2007_1m_rgb.png,36,64,1,vegetation,BK,
2007,34,62,data\labels\fundidora_2007_resolution\2007\2007_r34_c62.png,data\interim\inegi_orthophoto\fundidora_2007_1m_rgb.png,36,64,1,non_vegetation,BK,
2007,35,4,data\labels\fundidora_2007_resolution\2007\2007_r35_c04.png,data\interim\inegi_orthophoto\fundidora_2007_1m_rgb.png,36,64,1,non_vegetation,BK,
2007,35,10,data\labels\fundidora_2007_resolution\2007\2007_r35_c10.png,data\interim\inegi_orthophoto\fundidora_2007_1m_rgb.png,36,64,1,non_vegetation,BK,
2007,35,16,data\labels\fundidora_2007_resolution\2007\2007_r35_c16.png,data\interim\inegi_orthophoto\fundidora_2007_1m_rgb.png,36,64,1,non_vegetation,BK,
2007,35,22,data\labels\fundidora_2007_resolution\2007\2007_r35_c22.png,data\interim\inegi_orthophoto\fundidora_2007_1m_rgb.png,36,64,1,non_vegetation,BK,
2007,35,28,data\labels\fundidora_2007_resolution\2007\2007_r35_c28.png,data\interim\inegi_orthophoto\fundidora_2007_1m_rgb.png,36,64,1,non_vegetation,BK,
2007,35,34,data\labels\fundidora_2007_resolution\2007\2007_r35_c34.png,data\interim\inegi_orthophoto\fundidora_2007_1m_rgb.png,36,64,1,vegetation,BK,
2007,35,40,data\labels\fundidora_2007_resolution\2007\2007_r35_c40.png,data\interim\inegi_orthophoto\fundidora_2007_1m_rgb.png,36,64,1,non_vegetation,BK,
2007,35,46,data\labels\fundidora_2007_resolution\2007\2007_r35_c46.png,data\interim\inegi_orthophoto\fundidora_2007_1m_rgb.png,36,64,1,non_vegetation,BK,
2007,35,52,data\labels\fundidora_2007_resolution\2007\2007_r35_c52.png,data\interim\inegi_orthophoto\fundidora_2007_1m_rgb.png,36,64,1,vegetation,BK,
2007,35,58,data\labels\fundidora_2007_resolution\2007\2007_r35_c58.png,data\interim\inegi_orthophoto\fundidora_2007_1m_rgb.png,36,64,1,non_vegetation,BK,
